Order_ID,Product,Quantity,Price,Region,Month,Total_Sales
1000,Keyboard,2,106847,Islamabad,January,213694
1001,Laptop,1,18813,Peshawar,January,18813
1002,Keyboard,10,58200,Lahore,January,582000
1003,Keyboard,7,88394,Karachi,January,618758
1004,Mouse,4,84863,Karachi,January,339452
1005,Mouse,10,112980,Peshawar,January,1129800
1006,Keyboard,9,108733,Karachi,January,978597
1007,Laptop,1,82096,Karachi,January,82096
1008,Keyboard,9,67318,Peshawar,January,605862
1009,Printer,1,112642,Karachi,January,112642
1010,Mouse,5,19537,Islamabad,January,97685
1011,Printer,4,69048,Lahore,January,276192
1012,Keyboard,5,14552,Quetta,January,72760
1013,Keyboard,7,80908,Peshawar,January,566356
1014,Monitor,5,70453,Lahore,January,352265
1015,Keyboard,4,41317,Lahore,January,165268
1016,Printer,7,12148,Islamabad,January,85036
1017,Laptop,3,77163,Islamabad,January,231489
1018,Keyboard,3,106328,Islamabad,January,318984
1019,Mouse,4,23928,Islamabad,January,95712
1020,Keyboard,9,84590,Peshawar,January,761310
1021,Mouse,2,105906,Islamabad,January,211812
1022,Printer,6,100369,Lahore,January,602214
1023,Monitor,6,31299,Karachi,January,187794
1024,Keyboard,5,90521,Lahore,January,452605
1025,Printer,7,32660,Lahore,January,228620
1026,Printer,1,77977,Peshawar,January,77977
1027,Monitor,4,77446,Islamabad,January,309784
1028,Keyboard,5,56577,Quetta,January,282885
1029,Laptop,7,87352,Peshawar,January,611464
1030,Laptop,8,6525,Islamabad,January,52200
1031,Laptop,6,44934,Quetta,January,269604
1032,Printer,5,116457,Karachi,January,582285
1033,Laptop,4,62662,Islamabad,January,250648
1034,Monitor,7,62573,Lahore,January,438011
1035,Mouse,3,87160,Quetta,January,261480
1036,Laptop,10,6322,Islamabad,January,63220
1037,Laptop,1,98258,Peshawar,January,98258
1038,Mouse,6,74583,Quetta,January,447498
1039,Keyboard,2,24522,Quetta,January,49044
1040,Mouse,5,103539,Islamabad,January,517695
1041,Laptop,8,5027,Lahore,January,40216
1042,Monitor,8,82612,Quetta,January,660896
1043,Laptop,5,42996,Karachi,January,214980
1044,Laptop,6,110355,Karachi,January,662130
1045,Monitor,8,44367,Karachi,January,354936
1046,Monitor,5,1687,Quetta,January,8435
1047,Laptop,3,29015,Quetta,January,87045
1048,Mouse,5,37639,Quetta,January,188195
1049,Monitor,3,67971,Lahore,January,203913
1050,Keyboard,2,56912,Lahore,January,113824
1051,Printer,2,46558,Islamabad,January,93116
1052,Keyboard,5,61569,Peshawar,January,307845
1053,Mouse,5,68417,Karachi,January,342085
1054,Laptop,9,108588,Islamabad,January,977292
1055,Laptop,4,29701,Islamabad,January,118804
1056,Laptop,2,118345,Peshawar,January,236690
1057,Printer,3,64218,Quetta,January,192654
1058,Mouse,2,77701,Peshawar,January,155402
1059,Keyboard,10,116066,Quetta,January,1160660
1060,Mouse,8,72499,Karachi,January,579992
1061,Printer,4,36582,Lahore,January,146328
1062,Mouse,8,18082,Quetta,January,144656
1063,Keyboard,8,53661,Karachi,January,429288
1064,Mouse,10,51814,Karachi,January,518140
1065,Keyboard,9,36398,Peshawar,January,327582
1066,Mouse,6,68402,Karachi,January,410412
1067,Mouse,3,115497,Peshawar,January,346491
1068,Keyboard,9,60375,Quetta,January,543375
1069,Keyboard,9,54833,Lahore,January,493497
1070,Monitor,8,57586,Peshawar,January,460688
1071,Printer,4,33867,Peshawar,January,135468
1072,Keyboard,4,25223,Quetta,January,100892
1073,Mouse,10,90873,Peshawar,January,908730
1074,Mouse,1,18381,Peshawar,January,18381
1075,Monitor,8,21447,Peshawar,January,171576
1076,Keyboard,8,32422,Lahore,January,259376
1077,Laptop,4,37261,Karachi,January,149044
1078,Printer,6,16317,Peshawar,January,97902
1079,Laptop,5,106222,Quetta,January,531110
1080,Keyboard,1,63407,Quetta,January,63407
1081,Keyboard,2,74184,Karachi,January,148368
1082,Keyboard,3,114144,Islamabad,January,342432
1083,Monitor,5,3687,Peshawar,January,18435
1084,Keyboard,3,110216,Karachi,January,330648
1085,Keyboard,10,115551,Islamabad,January,1155510
1086,Keyboard,10,113860,Islamabad,January,1138600
1087,Monitor,3,5557,Peshawar,January,16671
1088,Printer,4,67072,Karachi,January,268288
1089,Keyboard,9,59671,Quetta,January,537039
1090,Keyboard,4,47805,Islamabad,January,191220
1091,Mouse,8,48391,Quetta,January,387128
1092,Laptop,6,81484,Quetta,January,488904
1093,Keyboard,10,104252,Peshawar,January,1042520
1094,Mouse,2,33139,Quetta,January,66278
1095,Laptop,3,26510,Peshawar,January,79530
1096,Laptop,5,45491,Islamabad,January,227455
1097,Mouse,9,101038,Peshawar,January,909342
1098,Mouse,7,35738,Lahore,January,250166
1099,Mouse,4,115144,Quetta,January,460576
1000,Printer,5,85170,Peshawar,February,425850
1001,Mouse,7,14382,Islamabad,February,100674
1002,Laptop,4,107642,Karachi,February,430568
1003,Keyboard,7,78964,Islamabad,February,552748
1004,Monitor,7,80694,Lahore,February,564858
1005,Printer,1,116375,Quetta,February,116375
1006,Printer,9,50552,Lahore,February,454968
1007,Laptop,8,7089,Islamabad,February,56712
1008,Mouse,8,54726,Islamabad,February,437808
1009,Keyboard,10,95665,Lahore,February,956650
1010,Monitor,7,27896,Peshawar,February,195272
1011,Laptop,8,54394,Lahore,February,435152
1012,Laptop,2,20388,Karachi,February,40776
1013,Laptop,3,95449,Islamabad,February,286347
1014,Printer,8,64096,Karachi,February,512768
1015,Printer,4,22855,Peshawar,February,91420
1016,Printer,1,73790,Lahore,February,73790
1017,Laptop,2,117902,Quetta,February,235804
1018,Monitor,10,117467,Islamabad,February,1174670
1019,Mouse,7,14456,Lahore,February,101192
1020,Monitor,3,4392,Islamabad,February,13176
1021,Monitor,4,101578,Lahore,February,406312
1022,Monitor,1,87946,Quetta,February,87946
1023,Keyboard,4,39578,Karachi,February,158312
1024,Printer,3,73651,Lahore,February,220953
1025,Printer,8,32327,Islamabad,February,258616
1026,Printer,2,72671,Islamabad,February,145342
1027,Printer,10,52832,Islamabad,February,528320
1028,Printer,3,18535,Islamabad,February,55605
1029,Laptop,7,117928,Quetta,February,825496
1030,Laptop,8,33813,Islamabad,February,270504
1031,Monitor,6,74322,Islamabad,February,445932
1032,Laptop,5,84065,Peshawar,February,420325
1033,Laptop,2,100013,Peshawar,February,200026
1034,Monitor,5,97910,Peshawar,February,489550
1035,Laptop,4,69679,Islamabad,February,278716
1036,Printer,5,65432,Peshawar,February,327160
1037,Keyboard,1,8940,Quetta,February,8940
1038,Monitor,7,69320,Peshawar,February,485240
1039,Laptop,1,70087,Quetta,February,70087
1040,Mouse,1,49992,Quetta,February,49992
1041,Keyboard,8,4128,Lahore,February,33024
1042,Laptop,2,99462,Quetta,February,198924
1043,Monitor,10,108600,Lahore,February,1086000
1044,Laptop,2,8852,Peshawar,February,17704
1045,Monitor,8,75865,Karachi,February,606920
1046,Keyboard,10,60003,Karachi,February,600030
1047,Monitor,7,16541,Lahore,February,115787
1048,Mouse,7,29822,Lahore,February,208754
1049,Monitor,8,67852,Karachi,February,542816
1050,Mouse,5,66948,Lahore,February,334740
1051,Mouse,6,83751,Lahore,February,502506
1052,Keyboard,2,22043,Lahore,February,44086
1053,Printer,9,98566,Islamabad,February,887094
1054,Keyboard,3,21486,Karachi,February,64458
1055,Laptop,8,22072,Lahore,February,176576
1056,Laptop,1,107230,Quetta,February,107230
1057,Keyboard,6,17577,Lahore,February,105462
1058,Keyboard,1,33375,Islamabad,February,33375
1059,Printer,4,17737,Lahore,February,70948
1060,Laptop,1,24754,Karachi,February,24754
1061,Mouse,8,72364,Lahore,February,578912
1062,Keyboard,6,68278,Peshawar,February,409668
1063,Keyboard,9,15712,Karachi,February,141408
1064,Monitor,2,108914,Peshawar,February,217828
1065,Monitor,5,98992,Quetta,February,494960
1066,Mouse,5,97675,Karachi,February,488375
1067,Mouse,1,30260,Lahore,February,30260
1068,Mouse,7,106493,Quetta,February,745451
1069,Keyboard,3,52899,Lahore,February,158697
1070,Printer,6,57858,Peshawar,February,347148
1071,Monitor,7,37422,Karachi,February,261954
1072,Keyboard,9,68986,Karachi,February,620874
1073,Monitor,8,42704,Karachi,February,341632
1074,Keyboard,2,69482,Karachi,February,138964
1075,Keyboard,6,67831,Islamabad,February,406986
1076,Keyboard,10,19554,Karachi,February,195540
1077,Laptop,2,72015,Peshawar,February,144030
1078,Keyboard,9,118315,Quetta,February,1064835
1079,Keyboard,4,39096,Islamabad,February,156384
1080,Keyboard,10,51858,Peshawar,February,518580
1081,Monitor,2,39923,Peshawar,February,79846
1082,Mouse,7,37540,Islamabad,February,262780
1083,Monitor,3,92475,Peshawar,February,277425
1084,Laptop,3,14997,Quetta,February,44991
1085,Monitor,5,103056,Quetta,February,515280
1086,Laptop,8,44537,Peshawar,February,356296
1087,Laptop,4,15994,Quetta,February,63976
1088,Monitor,4,59931,Quetta,February,239724
1089,Mouse,10,13863,Quetta,February,138630
1090,Mouse,1,101057,Lahore,February,101057
1091,Laptop,9,5680,Islamabad,February,51120
1092,Monitor,3,22371,Lahore,February,67113
1093,Printer,5,99602,Islamabad,February,498010
1094,Monitor,6,109039,Peshawar,February,654234
1095,Keyboard,8,36122,Lahore,February,288976
1096,Monitor,9,15834,Lahore,February,142506
1097,Mouse,9,115106,Peshawar,February,1035954
1098,Keyboard,7,20772,Karachi,February,145404
1099,Keyboard,10,43974,Islamabad,February,439740
1000,Keyboard,7,65568,Lahore,March,458976
1001,Mouse,4,55526,Quetta,March,222104
1002,Keyboard,10,8290,Karachi,March,82900
1003,Mouse,1,61740,Karachi,March,61740
1004,Keyboard,1,53282,Peshawar,March,53282
1005,Monitor,2,40780,Lahore,March,81560
1006,Mouse,2,102337,Lahore,March,204674
1007,Keyboard,10,74945,Lahore,March,749450
1008,Keyboard,10,56788,Quetta,March,567880
1009,Keyboard,5,65909,Peshawar,March,329545
1010,Mouse,8,61116,Karachi,March,488928
1011,Laptop,6,26995,Karachi,March,161970
1012,Printer,3,105255,Karachi,March,315765
1013,Keyboard,3,26057,Karachi,March,78171
1014,Printer,9,11352,Islamabad,March,102168
1015,Laptop,2,62979,Islamabad,March,125958
1016,Keyboard,5,86660,Lahore,March,433300
1017,Keyboard,9,8643,Peshawar,March,77787
1018,Monitor,10,70629,Peshawar,March,706290
1019,Monitor,9,60194,Peshawar,March,541746
1020,Laptop,7,65752,Quetta,March,460264
1021,Monitor,1,40452,Peshawar,March,40452
1022,Printer,9,7667,Peshawar,March,69003
1023,Printer,9,108101,Islamabad,March,972909
1024,Laptop,5,9660,Peshawar,March,48300
1025,Monitor,4,57056,Peshawar,March,228224
1026,Keyboard,4,74982,Karachi,March,299928
1027,Laptop,4,3341,Quetta,March,13364
1028,Laptop,4,77893,Islamabad,March,311572
1029,Laptop,8,11369,Lahore,March,90952
1030,Monitor,4,74077,Karachi,March,296308
1031,Monitor,9,51240,Quetta,March,461160
1032,Monitor,1,17728,Peshawar,March,17728
1033,Printer,3,99876,Islamabad,March,299628
1034,Laptop,4,28749,Lahore,March,114996
1035,Mouse,7,13038,Islamabad,March,91266
1036,Keyboard,5,90313,Islamabad,March,451565
1037,Monitor,2,27008,Islamabad,March,54016
1038,Printer,1,26561,Lahore,March,26561
1039,Printer,5,34179,Karachi,March,170895
1040,Printer,2,30187,Quetta,March,60374
1041,Printer,1,6791,Lahore,March,6791
1042,Keyboard,1,88631,Karachi,March,88631
1043,Printer,9,30088,Lahore,March,270792
1044,Mouse,1,74427,Quetta,March,74427
1045,Monitor,5,52962,Quetta,March,264810
1046,Monitor,10,94019,Islamabad,March,940190
1047,Printer,8,4818,Quetta,March,38544
1048,Monitor,7,74333,Peshawar,March,520331
1049,Printer,10,60382,Karachi,March,603820
1050,Keyboard,4,52596,Islamabad,March,210384
1051,Laptop,3,103350,Quetta,March,310050
1052,Monitor,5,44271,Karachi,March,221355
1053,Monitor,7,108065,Lahore,March,756455
1054,Keyboard,8,98883,Quetta,March,791064
1055,Keyboard,6,50385,Quetta,March,302310
1056,Laptop,9,52820,Peshawar,March,475380
1057,Mouse,7,92610,Islamabad,March,648270
1058,Laptop,8,28319,Islamabad,March,226552
1059,Mouse,10,56927,Lahore,March,569270
1060,Laptop,1,9257,Karachi,March,9257
1061,Keyboard,1,48819,Lahore,March,48819
1062,Keyboard,4,95763,Islamabad,March,383052
1063,Laptop,4,73513,Peshawar,March,294052
1064,Mouse,10,62349,Karachi,March,623490
1065,Laptop,2,92534,Karachi,March,185068
1066,Laptop,2,42104,Islamabad,March,84208
1067,Printer,2,72089,Karachi,March,144178
1068,Keyboard,6,34839,Peshawar,March,209034
1069,Mouse,2,84773,Quetta,March,169546
1070,Laptop,3,94602,Peshawar,March,283806
1071,Keyboard,4,119097,Karachi,March,476388
1072,Monitor,2,92643,Lahore,March,185286
1073,Mouse,1,112064,Lahore,March,112064
1074,Mouse,5,108927,Islamabad,March,544635
1075,Laptop,3,119865,Lahore,March,359595
1076,Laptop,9,68969,Islamabad,March,620721
1077,Laptop,2,106784,Islamabad,March,213568
1078,Monitor,10,93738,Peshawar,March,937380
1079,Mouse,1,108052,Peshawar,March,108052
1080,Mouse,2,91764,Islamabad,March,183528
1081,Mouse,6,49533,Karachi,March,297198
1082,Mouse,8,48991,Quetta,March,391928
1083,Monitor,5,70443,Karachi,March,352215
1084,Laptop,1,103790,Lahore,March,103790
1085,Monitor,2,117560,Islamabad,March,235120
1086,Keyboard,1,73889,Karachi,March,73889
1087,Keyboard,2,106049,Karachi,March,212098
1088,Monitor,2,44440,Quetta,March,88880
1089,Monitor,4,49133,Karachi,March,196532
1090,Keyboard,3,6791,Peshawar,March,20373
1091,Printer,6,28287,Islamabad,March,169722
1092,Laptop,3,61393,Islamabad,March,184179
1093,Mouse,3,100392,Islamabad,March,301176
1094,Keyboard,7,93536,Peshawar,March,654752
1095,Monitor,2,11835,Quetta,March,23670
1096,Laptop,4,30103,Islamabad,March,120412
1097,Printer,2,107619,Quetta,March,215238
1098,Laptop,10,64776,Lahore,March,647760
1099,Printer,2,79183,Quetta,March,158366
1000,Printer,2,56565,Peshawar,April,113130
1001,Keyboard,9,68795,Quetta,April,619155
1002,Monitor,9,107000,Karachi,April,963000
1003,Monitor,2,35744,Peshawar,April,71488
1004,Printer,5,79795,Quetta,April,398975
1005,Laptop,5,59685,Quetta,April,298425
1006,Keyboard,5,104601,Islamabad,April,523005
1007,Keyboard,4,28917,Peshawar,April,115668
1008,Monitor,4,76412,Islamabad,April,305648
1009,Keyboard,7,98565,Lahore,April,689955
1010,Monitor,8,103839,Islamabad,April,830712
1011,Mouse,9,75202,Karachi,April,676818
1012,Keyboard,5,83247,Peshawar,April,416235
1013,Mouse,6,23030,Lahore,April,138180
1014,Keyboard,6,50046,Quetta,April,300276
1015,Keyboard,3,21100,Peshawar,April,63300
1016,Monitor,3,48106,Karachi,April,144318
1017,Printer,9,61626,Islamabad,April,554634
1018,Laptop,4,80207,Lahore,April,320828
1019,Printer,1,55638,Quetta,April,55638
1020,Mouse,5,119512,Lahore,April,597560
1021,Keyboard,5,59922,Quetta,April,299610
1022,Printer,9,71222,Islamabad,April,640998
1023,Laptop,6,105049,Lahore,April,630294
1024,Mouse,6,98119,Peshawar,April,588714
1025,Printer,6,44013,Peshawar,April,264078
1026,Printer,8,52761,Islamabad,April,422088
1027,Laptop,6,105395,Lahore,April,632370
1028,Keyboard,6,4376,Karachi,April,26256
1029,Laptop,8,22998,Karachi,April,183984
1030,Laptop,2,38584,Quetta,April,77168
1031,Laptop,2,43141,Peshawar,April,86282
1032,Mouse,7,102201,Islamabad,April,715407
1033,Monitor,8,52553,Islamabad,April,420424
1034,Laptop,7,37949,Quetta,April,265643
1035,Printer,6,7021,Peshawar,April,42126
1036,Keyboard,10,110663,Karachi,April,1106630
1037,Laptop,4,114666,Karachi,April,458664
1038,Monitor,4,62406,Peshawar,April,249624
1039,Laptop,6,17562,Islamabad,April,105372
1040,Mouse,6,32064,Quetta,April,192384
1041,Printer,2,109102,Lahore,April,218204
1042,Mouse,5,64621,Peshawar,April,323105
1043,Mouse,1,5702,Lahore,April,5702
1044,Monitor,3,98385,Quetta,April,295155
1045,Keyboard,8,118801,Islamabad,April,950408
1046,Laptop,8,99812,Peshawar,April,798496
1047,Laptop,6,39349,Lahore,April,236094
1048,Printer,6,64248,Quetta,April,385488
1049,Printer,7,74635,Lahore,April,522445
1050,Printer,9,86298,Peshawar,April,776682
1051,Mouse,1,26977,Quetta,April,26977
1052,Laptop,7,25726,Islamabad,April,180082
1053,Printer,10,37625,Peshawar,April,376250
1054,Laptop,10,64330,Karachi,April,643300
1055,Keyboard,10,92534,Karachi,April,925340
1056,Keyboard,8,107730,Peshawar,April,861840
1057,Laptop,3,99548,Islamabad,April,298644
1058,Keyboard,9,7506,Lahore,April,67554
1059,Monitor,8,64778,Islamabad,April,518224
1060,Printer,7,89982,Islamabad,April,629874
1061,Monitor,1,23595,Lahore,April,23595
1062,Printer,4,38953,Quetta,April,155812
1063,Printer,8,57641,Lahore,April,461128
1064,Keyboard,8,89159,Lahore,April,713272
1065,Printer,6,103926,Peshawar,April,623556
1066,Laptop,1,5042,Islamabad,April,5042
1067,Printer,10,47163,Islamabad,April,471630
1068,Laptop,3,52949,Karachi,April,158847
1069,Mouse,6,23553,Karachi,April,141318
1070,Monitor,2,62250,Karachi,April,124500
1071,Printer,6,9601,Peshawar,April,57606
1072,Printer,2,92162,Islamabad,April,184324
1073,Laptop,9,40645,Peshawar,April,365805
1074,Mouse,5,115780,Lahore,April,578900
1075,Mouse,10,117638,Quetta,April,1176380
1076,Mouse,4,17973,Islamabad,April,71892
1077,Printer,1,10266,Quetta,April,10266
1078,Printer,5,96515,Quetta,April,482575
1079,Printer,10,81833,Peshawar,April,818330
1080,Printer,4,77908,Karachi,April,311632
1081,Laptop,3,92883,Karachi,April,278649
1082,Mouse,7,92746,Peshawar,April,649222
1083,Laptop,6,113544,Quetta,April,681264
1084,Laptop,3,86596,Karachi,April,259788
1085,Monitor,10,36941,Islamabad,April,369410
1086,Mouse,3,55207,Karachi,April,165621
1087,Printer,5,60278,Lahore,April,301390
1088,Keyboard,2,78725,Lahore,April,157450
1089,Printer,8,30270,Quetta,April,242160
1090,Keyboard,6,6419,Quetta,April,38514
1091,Mouse,8,106044,Lahore,April,848352
1092,Monitor,4,36279,Lahore,April,145116
1093,Mouse,4,39416,Islamabad,April,157664
1094,Printer,8,102221,Islamabad,April,817768
1095,Mouse,7,98061,Quetta,April,686427
1096,Printer,6,41551,Quetta,April,249306
1097,Printer,10,22259,Quetta,April,222590
1098,Printer,9,101695,Karachi,April,915255
1099,Printer,4,71299,Lahore,April,285196
1000,Laptop,9,2169,Lahore,May,19521
1001,Monitor,6,18135,Islamabad,May,108810
1002,Printer,4,93839,Peshawar,May,375356
1003,Monitor,2,78015,Peshawar,May,156030
1004,Mouse,6,93925,Quetta,May,563550
1005,Mouse,2,79517,Lahore,May,159034
1006,Keyboard,7,100385,Islamabad,May,702695
1007,Keyboard,8,44313,Peshawar,May,354504
1008,Laptop,10,62144,Peshawar,May,621440
1009,Laptop,2,106976,Karachi,May,213952
1010,Printer,5,115556,Islamabad,May,577780
1011,Keyboard,3,86790,Peshawar,May,260370
1012,Laptop,2,79355,Peshawar,May,158710
1013,Monitor,10,39470,Islamabad,May,394700
1014,Mouse,9,18274,Karachi,May,164466
1015,Mouse,8,49569,Peshawar,May,396552
1016,Mouse,5,50779,Lahore,May,253895
1017,Monitor,10,71506,Lahore,May,715060
1018,Printer,2,32430,Karachi,May,64860
1019,Monitor,3,76792,Lahore,May,230376
1020,Monitor,7,43713,Lahore,May,305991
1021,Monitor,4,112830,Lahore,May,451320
1022,Keyboard,2,56384,Peshawar,May,112768
1023,Monitor,10,109771,Quetta,May,1097710
1024,Printer,8,66807,Quetta,May,534456
1025,Keyboard,8,100812,Quetta,May,806496
1026,Keyboard,7,64699,Peshawar,May,452893
1027,Printer,1,39324,Lahore,May,39324
1028,Monitor,5,80946,Peshawar,May,404730
1029,Monitor,5,11428,Peshawar,May,57140
1030,Laptop,5,2093,Islamabad,May,10465
1031,Monitor,2,94172,Peshawar,May,188344
1032,Printer,2,88313,Islamabad,May,176626
1033,Keyboard,10,37113,Islamabad,May,371130
1034,Mouse,9,38041,Lahore,May,342369
1035,Mouse,1,7675,Peshawar,May,7675
1036,Mouse,5,12318,Lahore,May,61590
1037,Laptop,2,34271,Islamabad,May,68542
1038,Keyboard,7,110109,Karachi,May,770763
1039,Laptop,10,29463,Islamabad,May,294630
1040,Laptop,5,30198,Quetta,May,150990
1041,Monitor,2,64443,Islamabad,May,128886
1042,Printer,2,4608,Lahore,May,9216
1043,Monitor,6,26735,Lahore,May,160410
1044,Keyboard,2,72673,Islamabad,May,145346
1045,Laptop,6,27107,Lahore,May,162642
1046,Keyboard,8,116974,Quetta,May,935792
1047,Keyboard,7,27867,Lahore,May,195069
1048,Mouse,8,108420,Quetta,May,867360
1049,Printer,3,44814,Quetta,May,134442
1050,Mouse,6,112789,Quetta,May,676734
1051,Laptop,7,119491,Islamabad,May,836437
1052,Monitor,7,58081,Islamabad,May,406567
1053,Printer,1,51695,Quetta,May,51695
1054,Monitor,9,34458,Lahore,May,310122
1055,Laptop,10,37021,Islamabad,May,370210
1056,Printer,1,37565,Karachi,May,37565
1057,Monitor,9,117240,Peshawar,May,1055160
1058,Laptop,7,102728,Quetta,May,719096
1059,Laptop,7,15616,Lahore,May,109312
1060,Keyboard,5,5960,Peshawar,May,29800
1061,Laptop,6,81944,Peshawar,May,491664
1062,Printer,9,1004,Peshawar,May,9036
1063,Mouse,4,66162,Karachi,May,264648
1064,Printer,8,15495,Lahore,May,123960
1065,Printer,8,85830,Peshawar,May,686640
1066,Keyboard,3,8424,Karachi,May,25272
1067,Monitor,5,68302,Islamabad,May,341510
1068,Laptop,1,43039,Peshawar,May,43039
1069,Keyboard,6,6801,Karachi,May,40806
1070,Printer,9,81785,Quetta,May,736065
1071,Printer,4,28080,Islamabad,May,112320
1072,Monitor,6,25052,Islamabad,May,150312
1073,Mouse,1,8957,Quetta,May,8957
1074,Laptop,6,3116,Karachi,May,18696
1075,Mouse,9,31086,Peshawar,May,279774
1076,Laptop,10,12104,Karachi,May,121040
1077,Keyboard,9,21595,Peshawar,May,194355
1078,Monitor,5,59621,Islamabad,May,298105
1079,Monitor,5,119143,Karachi,May,595715
1080,Keyboard,8,34793,Peshawar,May,278344
1081,Monitor,1,36401,Islamabad,May,36401
1082,Keyboard,3,58467,Karachi,May,175401
1083,Keyboard,8,6206,Quetta,May,49648
1084,Printer,2,80670,Peshawar,May,161340
1085,Mouse,2,80480,Islamabad,May,160960
1086,Keyboard,5,79039,Karachi,May,395195
1087,Printer,9,114946,Karachi,May,1034514
1088,Monitor,6,59084,Lahore,May,354504
1089,Monitor,9,20218,Quetta,May,181962
1090,Mouse,4,1085,Karachi,May,4340
1091,Laptop,3,108822,Peshawar,May,326466
1092,Monitor,8,89661,Islamabad,May,717288
1093,Monitor,5,69202,Karachi,May,346010
1094,Keyboard,6,75050,Quetta,May,450300
1095,Printer,6,40046,Quetta,May,240276
1096,Monitor,1,80103,Quetta,May,80103
1097,Printer,2,43653,Quetta,May,87306
1098,Mouse,5,93964,Islamabad,May,469820
1099,Mouse,6,91835,Lahore,May,551010
