Date,Account_ID,Transaction_Type,Amount,Branch
2026-01-01,A008,Deposit,37000,Lahore
2026-01-01,A009,Withdrawal,11500,Islamabad
2026-01-01,A001,Withdrawal,37000,Karachi
2026-01-01,A008,Withdrawal,26500,Lahore
2026-01-01,A002,Deposit,42500,Lahore
2026-01-01,A004,Withdrawal,39500,Karachi
2026-01-01,A007,Withdrawal,28000,Karachi
2026-01-02,A005,Withdrawal,12500,Lahore
2026-01-02,A009,Withdrawal,5000,Islamabad
2026-01-02,A003,Withdrawal,32000,Islamabad
2026-01-02,A008,Withdrawal,19000,Lahore
2026-01-02,A005,Withdrawal,44500,Lahore
2026-01-02,A008,Deposit,19500,Lahore
2026-01-02,A005,Deposit,8000,Lahore
2026-01-02,A008,Withdrawal,34500,Lahore
2026-01-02,A004,Deposit,77500,Karachi
2026-01-03,A004,Deposit,64500,Karachi
2026-01-03,A002,Deposit,56000,Lahore
2026-01-03,A005,Deposit,47000,Lahore
2026-01-03,A007,Deposit,17000,Karachi
2026-01-03,A009,Withdrawal,6500,Islamabad
2026-01-03,A004,Withdrawal,22500,Karachi
2026-01-03,A009,Deposit,72000,Islamabad
2026-01-03,A003,Withdrawal,32500,Islamabad
2026-01-03,A002,Deposit,65000,Lahore
2026-01-03,A001,Withdrawal,39000,Karachi
2026-01-03,A007,Withdrawal,15000,Karachi
2026-01-03,A008,Deposit,42500,Lahore
2026-01-04,A001,Deposit,15000,Karachi
2026-01-04,A005,Deposit,55000,Lahore
2026-01-04,A009,Withdrawal,29000,Islamabad
2026-01-04,A006,Withdrawal,32000,Islamabad
2026-01-04,A001,Deposit,46500,Karachi
2026-01-04,A007,Deposit,7000,Karachi
2026-01-04,A010,Deposit,21000,Karachi
2026-01-04,A010,Deposit,69000,Karachi
2026-01-04,A009,Deposit,9000,Islamabad
2026-01-04,A010,Withdrawal,16000,Karachi
2026-01-05,A006,Withdrawal,49500,Islamabad
2026-01-05,A007,Deposit,36000,Karachi
2026-01-05,A009,Deposit,30000,Islamabad
2026-01-05,A001,Deposit,62500,Karachi
2026-01-05,A008,Deposit,58500,Lahore
2026-01-05,A002,Deposit,75000,Lahore
2026-01-05,A002,Withdrawal,25500,Lahore
2026-01-06,A002,Deposit,33500,Lahore
2026-01-06,A007,Deposit,52000,Karachi
2026-01-06,A010,Deposit,11500,Karachi
2026-01-06,A004,Withdrawal,48000,Karachi
2026-01-06,A005,Deposit,57000,Lahore
2026-01-06,A008,Withdrawal,48500,Lahore
2026-01-06,A003,Deposit,58500,Islamabad
2026-01-06,A008,Deposit,25000,Lahore
2026-01-06,A005,Deposit,72500,Lahore
2026-01-07,A003,Deposit,65500,Islamabad
2026-01-07,A006,Deposit,39500,Islamabad
2026-01-07,A009,Withdrawal,25500,Islamabad
2026-01-07,A008,Deposit,28000,Lahore
2026-01-07,A007,Withdrawal,6500,Karachi
2026-01-07,A007,Deposit,61500,Karachi
2026-01-07,A005,Deposit,18000,Lahore
2026-01-07,A005,Deposit,54500,Lahore
2026-01-07,A002,Deposit,18000,Lahore
2026-01-07,A006,Deposit,27000,Islamabad
2026-01-07,A010,Withdrawal,23000,Karachi
2026-01-08,A007,Deposit,49000,Karachi
2026-01-08,A002,Deposit,76500,Lahore
2026-01-08,A005,Deposit,63500,Lahore
2026-01-08,A003,Deposit,41000,Islamabad
2026-01-08,A005,Withdrawal,47000,Lahore
2026-01-08,A006,Deposit,40500,Islamabad
2026-01-08,A010,Deposit,29500,Karachi
2026-01-08,A009,Deposit,37500,Islamabad
2026-01-08,A004,Withdrawal,41500,Karachi
2026-01-09,A002,Withdrawal,17000,Lahore
2026-01-09,A002,Withdrawal,7500,Lahore
2026-01-09,A003,Withdrawal,37000,Islamabad
2026-01-09,A008,Withdrawal,17000,Lahore
2026-01-09,A002,Withdrawal,48500,Lahore
2026-01-09,A003,Deposit,15500,Islamabad
2026-01-09,A006,Deposit,28000,Islamabad
2026-01-09,A009,Withdrawal,48000,Islamabad
2026-01-09,A004,Withdrawal,32000,Karachi
2026-01-09,A003,Deposit,72500,Islamabad
2026-01-10,A010,Deposit,75000,Karachi
2026-01-10,A006,Deposit,8000,Islamabad
2026-01-10,A010,Withdrawal,49500,Karachi
2026-01-10,A001,Withdrawal,37500,Karachi
2026-01-10,A003,Deposit,72000,Islamabad
2026-01-10,A005,Withdrawal,17000,Lahore
2026-01-10,A004,Deposit,54500,Karachi
2026-01-10,A009,Withdrawal,6500,Islamabad
2026-01-11,A003,Withdrawal,47000,Islamabad
2026-01-11,A003,Deposit,10000,Islamabad
2026-01-11,A009,Deposit,61000,Islamabad
2026-01-11,A002,Withdrawal,36500,Lahore
2026-01-11,A009,Deposit,26000,Islamabad
2026-01-11,A004,Withdrawal,17000,Karachi
2026-01-11,A010,Deposit,37500,Karachi
2026-01-11,A002,Deposit,18000,Lahore
2026-01-11,A003,Deposit,6000,Islamabad
2026-01-12,A010,Deposit,14000,Karachi
2026-01-12,A010,Withdrawal,35000,Karachi
2026-01-12,A005,Withdrawal,11500,Lahore
2026-01-12,A001,Withdrawal,36000,Karachi
2026-01-12,A009,Deposit,14500,Islamabad
2026-01-12,A006,Deposit,74500,Islamabad
2026-01-12,A010,Deposit,27500,Karachi
2026-01-12,A006,Withdrawal,33500,Islamabad
2026-01-12,A006,Withdrawal,15500,Islamabad
2026-01-12,A005,Withdrawal,3000,Lahore
2026-01-12,A002,Deposit,52500,Lahore
2026-01-13,A002,Deposit,5000,Lahore
2026-01-13,A010,Withdrawal,10500,Karachi
2026-01-13,A010,Withdrawal,22500,Karachi
2026-01-13,A005,Withdrawal,42500,Lahore
2026-01-13,A001,Deposit,26500,Karachi
2026-01-13,A009,Withdrawal,24000,Islamabad
2026-01-13,A003,Withdrawal,38500,Islamabad
2026-01-13,A007,Withdrawal,38000,Karachi
2026-01-13,A007,Deposit,13500,Karachi
2026-01-13,A004,Deposit,13500,Karachi
2026-01-13,A007,Withdrawal,15000,Karachi
2026-01-14,A006,Deposit,23500,Islamabad
2026-01-14,A010,Withdrawal,37500,Karachi
2026-01-14,A010,Deposit,12500,Karachi
2026-01-14,A005,Deposit,49500,Lahore
2026-01-14,A002,Deposit,66500,Lahore
2026-01-14,A010,Withdrawal,8500,Karachi
2026-01-14,A006,Deposit,17000,Islamabad
2026-01-14,A006,Deposit,16500,Islamabad
2026-01-14,A006,Deposit,6500,Islamabad
2026-01-15,A002,Deposit,37000,Lahore
2026-01-15,A006,Withdrawal,40500,Islamabad
2026-01-15,A004,Deposit,78500,Karachi
2026-01-15,A006,Withdrawal,40000,Islamabad
2026-01-15,A009,Deposit,41500,Islamabad
2026-01-15,A002,Deposit,22000,Lahore
2026-01-15,A003,Withdrawal,47500,Islamabad
2026-01-15,A005,Deposit,5500,Lahore
2026-01-16,A010,Deposit,44000,Karachi
2026-01-16,A001,Deposit,67500,Karachi
2026-01-16,A005,Deposit,74000,Lahore
2026-01-16,A009,Withdrawal,42000,Islamabad
2026-01-16,A003,Withdrawal,49000,Islamabad
2026-01-16,A006,Withdrawal,39000,Islamabad
2026-01-16,A007,Deposit,63000,Karachi
2026-01-16,A009,Deposit,45000,Islamabad
2026-01-16,A010,Deposit,69000,Karachi
2026-01-17,A004,Withdrawal,13500,Karachi
2026-01-17,A003,Deposit,37500,Islamabad
2026-01-17,A005,Deposit,50000,Lahore
2026-01-17,A003,Deposit,42500,Islamabad
2026-01-17,A004,Deposit,37500,Karachi
2026-01-17,A004,Withdrawal,13000,Karachi
2026-01-17,A003,Withdrawal,34000,Islamabad
2026-01-17,A010,Deposit,62500,Karachi
2026-01-17,A004,Withdrawal,48000,Karachi
2026-01-17,A009,Withdrawal,11500,Islamabad
2026-01-17,A009,Withdrawal,38500,Islamabad
2026-01-18,A001,Withdrawal,15500,Karachi
2026-01-18,A001,Withdrawal,11500,Karachi
2026-01-18,A006,Deposit,69500,Islamabad
2026-01-18,A010,Deposit,51000,Karachi
2026-01-18,A007,Deposit,59000,Karachi
2026-01-18,A006,Deposit,75000,Islamabad
2026-01-18,A010,Withdrawal,48000,Karachi
2026-01-18,A005,Withdrawal,30000,Lahore
2026-01-18,A010,Withdrawal,40000,Karachi
2026-01-18,A001,Withdrawal,14000,Karachi
2026-01-19,A001,Withdrawal,10000,Karachi
2026-01-19,A002,Withdrawal,2000,Lahore
2026-01-19,A006,Deposit,55500,Islamabad
2026-01-19,A006,Withdrawal,46000,Islamabad
2026-01-19,A008,Deposit,22500,Lahore
2026-01-19,A006,Withdrawal,42500,Islamabad
2026-01-19,A002,Deposit,59000,Lahore
2026-01-20,A005,Deposit,54000,Lahore
2026-01-20,A010,Withdrawal,39000,Karachi
2026-01-20,A008,Withdrawal,18000,Lahore
2026-01-20,A009,Deposit,62000,Islamabad
2026-01-20,A008,Deposit,32000,Lahore
2026-01-20,A004,Deposit,16500,Karachi
2026-01-20,A001,Deposit,75000,Karachi
2026-01-21,A004,Withdrawal,10000,Karachi
2026-01-21,A006,Withdrawal,19000,Islamabad
2026-01-21,A008,Deposit,15000,Lahore
2026-01-21,A004,Withdrawal,2000,Karachi
2026-01-21,A008,Withdrawal,22000,Lahore
2026-01-21,A002,Withdrawal,44000,Lahore
2026-01-21,A007,Deposit,40500,Karachi
2026-01-21,A006,Withdrawal,28000,Islamabad
2026-01-21,A001,Deposit,59000,Karachi
2026-01-21,A009,Deposit,77500,Islamabad
2026-01-21,A005,Deposit,5500,Lahore
2026-01-22,A006,Withdrawal,46000,Islamabad
2026-01-22,A006,Withdrawal,7000,Islamabad
2026-01-22,A001,Deposit,70500,Karachi
2026-01-22,A008,Deposit,67500,Lahore
2026-01-22,A007,Withdrawal,49500,Karachi
2026-01-22,A002,Deposit,53500,Lahore
2026-01-22,A007,Deposit,72000,Karachi
2026-01-22,A003,Deposit,23000,Islamabad
2026-01-23,A008,Deposit,6000,Lahore
2026-01-23,A010,Withdrawal,45500,Karachi
2026-01-23,A001,Deposit,16500,Karachi
2026-01-23,A001,Withdrawal,49000,Karachi
2026-01-23,A009,Deposit,26500,Islamabad
2026-01-23,A009,Deposit,55000,Islamabad
2026-01-23,A009,Withdrawal,7500,Islamabad
2026-01-23,A008,Withdrawal,41000,Lahore
2026-01-23,A009,Deposit,39000,Islamabad
2026-01-23,A003,Deposit,57000,Islamabad
2026-01-23,A006,Withdrawal,28000,Islamabad
2026-01-23,A007,Withdrawal,23500,Karachi
2026-01-24,A009,Deposit,60000,Islamabad
2026-01-24,A001,Withdrawal,14500,Karachi
2026-01-24,A006,Withdrawal,49000,Islamabad
2026-01-24,A006,Withdrawal,4500,Islamabad
2026-01-24,A001,Withdrawal,4000,Karachi
2026-01-24,A005,Deposit,58000,Lahore
2026-01-24,A004,Deposit,11500,Karachi
2026-01-25,A010,Deposit,45500,Karachi
2026-01-25,A008,Withdrawal,43500,Lahore
2026-01-25,A006,Deposit,23500,Islamabad
2026-01-25,A010,Deposit,36000,Karachi
2026-01-25,A006,Withdrawal,14000,Islamabad
2026-01-25,A007,Withdrawal,9500,Karachi
2026-01-25,A002,Deposit,56500,Lahore
2026-01-25,A005,Deposit,14500,Lahore
2026-01-25,A002,Deposit,76000,Lahore
2026-01-26,A001,Deposit,27500,Karachi
2026-01-26,A008,Withdrawal,31000,Lahore
2026-01-26,A010,Deposit,35500,Karachi
2026-01-26,A009,Withdrawal,12000,Islamabad
2026-01-26,A007,Deposit,28500,Karachi
2026-01-26,A003,Deposit,36000,Islamabad
2026-01-26,A002,Withdrawal,12500,Lahore
2026-01-26,A004,Withdrawal,29000,Karachi
2026-01-27,A007,Withdrawal,31500,Karachi
2026-01-27,A004,Withdrawal,18000,Karachi
2026-01-27,A006,Deposit,44500,Islamabad
2026-01-27,A007,Deposit,77000,Karachi
2026-01-27,A006,Withdrawal,28500,Islamabad
2026-01-27,A009,Withdrawal,42500,Islamabad
2026-01-27,A006,Deposit,25000,Islamabad
2026-01-27,A008,Deposit,43500,Lahore
2026-01-27,A009,Deposit,8000,Islamabad
2026-01-27,A002,Deposit,70000,Lahore
2026-01-28,A009,Deposit,9000,Islamabad
2026-01-28,A006,Deposit,30000,Islamabad
2026-01-28,A008,Withdrawal,17000,Lahore
2026-01-28,A010,Withdrawal,2500,Karachi
2026-01-28,A008,Deposit,69000,Lahore
2026-01-28,A008,Withdrawal,9000,Lahore
2026-01-28,A007,Deposit,13500,Karachi
2026-01-28,A006,Withdrawal,48000,Islamabad
2026-01-28,A005,Deposit,62500,Lahore
2026-01-28,A008,Withdrawal,35000,Lahore
2026-01-28,A008,Withdrawal,20500,Lahore
2026-01-28,A004,Deposit,5500,Karachi
2026-01-29,A006,Deposit,58000,Islamabad
2026-01-29,A002,Withdrawal,46000,Lahore
2026-01-29,A010,Withdrawal,11500,Karachi
2026-01-29,A009,Withdrawal,33000,Islamabad
2026-01-29,A002,Deposit,68000,Lahore
2026-01-29,A004,Deposit,67500,Karachi
2026-01-29,A008,Deposit,40500,Lahore
2026-01-29,A005,Deposit,27500,Lahore
2026-01-29,A002,Withdrawal,47000,Lahore
2026-01-29,A001,Deposit,19000,Karachi
2026-01-29,A003,Deposit,79500,Islamabad
2026-01-30,A008,Deposit,41500,Lahore
2026-01-30,A003,Withdrawal,13500,Islamabad
2026-01-30,A009,Withdrawal,32500,Islamabad
2026-01-30,A005,Withdrawal,34000,Lahore
2026-01-30,A007,Deposit,9000,Karachi
2026-01-30,A008,Deposit,45000,Lahore
2026-01-30,A010,Deposit,68000,Karachi
2026-01-30,A006,Withdrawal,38500,Islamabad
2026-01-30,A004,Withdrawal,26000,Karachi
2026-01-30,A004,Withdrawal,30000,Karachi
2026-01-31,A004,Deposit,68500,Karachi
2026-01-31,A006,Deposit,6500,Islamabad
2026-01-31,A004,Withdrawal,32000,Karachi
2026-01-31,A007,Deposit,5500,Karachi
2026-01-31,A004,Deposit,24000,Karachi
2026-01-31,A001,Withdrawal,35000,Karachi
2026-01-31,A005,Deposit,15500,Lahore
2026-01-31,A006,Deposit,36000,Islamabad
2026-01-31,A003,Withdrawal,27000,Islamabad
2026-02-01,A008,Withdrawal,49000,Lahore
2026-02-01,A009,Withdrawal,24500,Islamabad
2026-02-01,A007,Withdrawal,45000,Karachi
2026-02-01,A003,Withdrawal,48000,Islamabad
2026-02-01,A005,Deposit,70000,Lahore
2026-02-01,A006,Deposit,59500,Islamabad
2026-02-01,A007,Withdrawal,28500,Karachi
2026-02-01,A005,Withdrawal,48500,Lahore
2026-02-01,A002,Withdrawal,15500,Lahore
2026-02-01,A010,Deposit,61000,Karachi
2026-02-02,A002,Deposit,43000,Lahore
2026-02-02,A008,Deposit,70500,Lahore
2026-02-02,A010,Deposit,29000,Karachi
2026-02-02,A010,Deposit,10500,Karachi
2026-02-02,A008,Deposit,21500,Lahore
2026-02-02,A006,Withdrawal,14500,Islamabad
2026-02-02,A010,Withdrawal,13000,Karachi
2026-02-03,A001,Deposit,32500,Karachi
2026-02-03,A004,Withdrawal,7000,Karachi
2026-02-03,A008,Withdrawal,36000,Lahore
2026-02-03,A001,Withdrawal,43500,Karachi
2026-02-03,A004,Deposit,65000,Karachi
2026-02-03,A010,Withdrawal,13000,Karachi
2026-02-03,A003,Deposit,69000,Islamabad
2026-02-04,A006,Withdrawal,27000,Islamabad
2026-02-04,A001,Deposit,57000,Karachi
2026-02-04,A009,Withdrawal,14000,Islamabad
2026-02-04,A003,Withdrawal,27000,Islamabad
2026-02-04,A004,Withdrawal,45000,Karachi
2026-02-04,A003,Withdrawal,23500,Islamabad
2026-02-04,A004,Deposit,46000,Karachi
2026-02-04,A009,Deposit,55500,Islamabad
2026-02-04,A001,Deposit,38500,Karachi
2026-02-04,A008,Withdrawal,27500,Lahore
2026-02-04,A010,Deposit,63000,Karachi
2026-02-04,A005,Deposit,13500,Lahore
2026-02-05,A002,Withdrawal,49500,Lahore
2026-02-05,A008,Deposit,49500,Lahore
2026-02-05,A005,Deposit,73500,Lahore
2026-02-05,A004,Deposit,15000,Karachi
2026-02-05,A001,Deposit,10000,Karachi
2026-02-05,A006,Deposit,6000,Islamabad
2026-02-05,A010,Deposit,52500,Karachi
2026-02-05,A005,Withdrawal,22000,Lahore
2026-02-05,A010,Withdrawal,38000,Karachi
2026-02-05,A010,Withdrawal,15500,Karachi
2026-02-06,A003,Deposit,71500,Islamabad
2026-02-06,A010,Deposit,78500,Karachi
2026-02-06,A008,Withdrawal,31500,Lahore
2026-02-06,A007,Deposit,69000,Karachi
2026-02-06,A003,Deposit,18000,Islamabad
2026-02-06,A002,Withdrawal,2000,Lahore
2026-02-06,A003,Withdrawal,14000,Islamabad
2026-02-06,A008,Withdrawal,32000,Lahore
2026-02-06,A005,Deposit,76000,Lahore
2026-02-07,A006,Withdrawal,34000,Islamabad
2026-02-07,A007,Withdrawal,45000,Karachi
2026-02-07,A005,Withdrawal,10500,Lahore
2026-02-07,A004,Withdrawal,6500,Karachi
2026-02-07,A004,Deposit,76500,Karachi
2026-02-07,A010,Deposit,37000,Karachi
2026-02-07,A010,Deposit,76500,Karachi
2026-02-07,A003,Deposit,8000,Islamabad
2026-02-07,A006,Deposit,9500,Islamabad
2026-02-07,A003,Deposit,43500,Islamabad
2026-02-07,A001,Deposit,8500,Karachi
2026-02-07,A007,Deposit,33500,Karachi
2026-02-08,A007,Deposit,78000,Karachi
2026-02-08,A004,Deposit,22000,Karachi
2026-02-08,A005,Deposit,26500,Lahore
2026-02-08,A002,Withdrawal,9500,Lahore
2026-02-08,A001,Deposit,25500,Karachi
2026-02-08,A005,Deposit,35500,Lahore
2026-02-08,A005,Withdrawal,24000,Lahore
2026-02-08,A009,Deposit,22000,Islamabad
2026-02-08,A004,Deposit,73500,Karachi
2026-02-08,A005,Withdrawal,18000,Lahore
2026-02-08,A003,Deposit,23500,Islamabad
2026-02-08,A010,Deposit,42000,Karachi
2026-02-09,A009,Deposit,58000,Islamabad
2026-02-09,A007,Deposit,8500,Karachi
2026-02-09,A001,Deposit,73500,Karachi
2026-02-09,A010,Deposit,19000,Karachi
2026-02-09,A002,Withdrawal,7000,Lahore
2026-02-09,A005,Withdrawal,13500,Lahore
2026-02-09,A003,Withdrawal,30000,Islamabad
2026-02-09,A005,Withdrawal,2000,Lahore
2026-02-09,A006,Deposit,51000,Islamabad
2026-02-10,A008,Withdrawal,15500,Lahore
2026-02-10,A003,Withdrawal,28500,Islamabad
2026-02-10,A005,Withdrawal,45500,Lahore
2026-02-10,A010,Deposit,60000,Karachi
2026-02-10,A009,Deposit,46000,Islamabad
2026-02-10,A008,Withdrawal,16000,Lahore
2026-02-10,A003,Deposit,52500,Islamabad
2026-02-10,A004,Deposit,69500,Karachi
2026-02-10,A001,Deposit,33500,Karachi
2026-02-10,A001,Deposit,54000,Karachi
2026-02-10,A008,Withdrawal,16000,Lahore
2026-02-10,A008,Deposit,14000,Lahore
2026-02-11,A002,Deposit,49500,Lahore
2026-02-11,A008,Withdrawal,8500,Lahore
2026-02-11,A001,Deposit,17500,Karachi
2026-02-11,A002,Deposit,79000,Lahore
2026-02-11,A010,Withdrawal,2500,Karachi
2026-02-11,A006,Deposit,48500,Islamabad
2026-02-11,A006,Withdrawal,45000,Islamabad
2026-02-11,A005,Withdrawal,27500,Lahore
2026-02-11,A002,Deposit,25000,Lahore
2026-02-11,A005,Deposit,49500,Lahore
2026-02-11,A004,Withdrawal,33500,Karachi
2026-02-11,A002,Withdrawal,2500,Lahore
2026-02-12,A003,Withdrawal,42000,Islamabad
2026-02-12,A003,Withdrawal,10500,Islamabad
2026-02-12,A006,Deposit,61000,Islamabad
2026-02-12,A007,Withdrawal,38500,Karachi
2026-02-12,A006,Withdrawal,36000,Islamabad
2026-02-12,A010,Deposit,74000,Karachi
2026-02-12,A006,Deposit,7500,Islamabad
2026-02-13,A004,Deposit,44000,Karachi
2026-02-13,A010,Withdrawal,6500,Karachi
2026-02-13,A007,Withdrawal,20500,Karachi
2026-02-13,A005,Withdrawal,9000,Lahore
2026-02-13,A003,Deposit,18000,Islamabad
2026-02-13,A010,Withdrawal,43000,Karachi
2026-02-13,A003,Deposit,20500,Islamabad
2026-02-13,A009,Withdrawal,37000,Islamabad
2026-02-13,A007,Deposit,33000,Karachi
2026-02-13,A001,Withdrawal,37500,Karachi
2026-02-13,A006,Withdrawal,39500,Islamabad
2026-02-14,A002,Withdrawal,35500,Lahore
2026-02-14,A009,Withdrawal,26000,Islamabad
2026-02-14,A001,Deposit,37000,Karachi
2026-02-14,A008,Deposit,20500,Lahore
2026-02-14,A010,Deposit,65000,Karachi
2026-02-14,A008,Withdrawal,32000,Lahore
2026-02-14,A004,Deposit,31000,Karachi
2026-02-14,A007,Withdrawal,20000,Karachi
2026-02-14,A005,Withdrawal,29500,Lahore
2026-02-15,A006,Deposit,40000,Islamabad
2026-02-15,A004,Deposit,33000,Karachi
2026-02-15,A008,Deposit,14500,Lahore
2026-02-15,A004,Deposit,56000,Karachi
2026-02-15,A001,Deposit,76500,Karachi
2026-02-15,A002,Withdrawal,6500,Lahore
2026-02-15,A006,Deposit,71000,Islamabad
2026-02-15,A005,Deposit,20000,Lahore
2026-02-15,A005,Deposit,44000,Lahore
2026-02-15,A005,Deposit,24000,Lahore
2026-02-15,A001,Withdrawal,25000,Karachi
2026-02-15,A003,Deposit,53500,Islamabad
2026-02-16,A002,Deposit,15000,Lahore
2026-02-16,A003,Withdrawal,16000,Islamabad
2026-02-16,A009,Withdrawal,7000,Islamabad
2026-02-16,A010,Withdrawal,19000,Karachi
2026-02-16,A010,Deposit,35500,Karachi
2026-02-16,A002,Deposit,21500,Lahore
2026-02-16,A006,Deposit,66000,Islamabad
2026-02-16,A009,Withdrawal,21000,Islamabad
2026-02-16,A006,Deposit,11000,Islamabad
2026-02-16,A003,Deposit,13000,Islamabad
2026-02-16,A009,Withdrawal,27000,Islamabad
2026-02-16,A008,Deposit,68500,Lahore
2026-02-17,A009,Withdrawal,21000,Islamabad
2026-02-17,A001,Deposit,62500,Karachi
2026-02-17,A007,Deposit,75500,Karachi
2026-02-17,A003,Deposit,72000,Islamabad
2026-02-17,A004,Withdrawal,14500,Karachi
2026-02-17,A007,Deposit,18000,Karachi
2026-02-17,A001,Deposit,38500,Karachi
2026-02-17,A009,Withdrawal,36000,Islamabad
2026-02-17,A006,Deposit,70500,Islamabad
2026-02-18,A006,Deposit,29500,Islamabad
2026-02-18,A003,Deposit,7500,Islamabad
2026-02-18,A010,Withdrawal,2000,Karachi
2026-02-18,A008,Deposit,26000,Lahore
2026-02-18,A005,Deposit,34000,Lahore
2026-02-18,A006,Deposit,32000,Islamabad
2026-02-18,A002,Deposit,18500,Lahore
2026-02-18,A010,Deposit,67500,Karachi
2026-02-18,A010,Deposit,32500,Karachi
2026-02-18,A006,Deposit,17000,Islamabad
2026-02-19,A009,Deposit,7000,Islamabad
2026-02-19,A002,Deposit,73500,Lahore
2026-02-19,A010,Deposit,50500,Karachi
2026-02-19,A010,Withdrawal,21000,Karachi
2026-02-19,A007,Withdrawal,10500,Karachi
2026-02-19,A002,Withdrawal,41000,Lahore
2026-02-19,A004,Deposit,40000,Karachi
2026-02-19,A009,Deposit,74000,Islamabad
2026-02-20,A001,Deposit,9000,Karachi
2026-02-20,A008,Withdrawal,4500,Lahore
2026-02-20,A008,Withdrawal,41500,Lahore
2026-02-20,A003,Withdrawal,27000,Islamabad
2026-02-20,A005,Withdrawal,38000,Lahore
2026-02-20,A001,Withdrawal,15000,Karachi
2026-02-20,A003,Deposit,34500,Islamabad
2026-02-20,A005,Deposit,37500,Lahore
2026-02-20,A002,Withdrawal,25500,Lahore
2026-02-20,A004,Withdrawal,33000,Karachi
2026-02-21,A005,Deposit,59000,Lahore
2026-02-21,A004,Withdrawal,33500,Karachi
2026-02-21,A001,Withdrawal,24500,Karachi
2026-02-21,A006,Deposit,30500,Islamabad
2026-02-21,A001,Withdrawal,34500,Karachi
2026-02-21,A006,Deposit,8000,Islamabad
2026-02-21,A003,Withdrawal,44500,Islamabad
2026-02-21,A003,Withdrawal,49500,Islamabad
2026-02-22,A007,Deposit,32000,Karachi
2026-02-22,A010,Deposit,60000,Karachi
2026-02-22,A008,Deposit,72000,Lahore
2026-02-22,A006,Withdrawal,30000,Islamabad
2026-02-22,A006,Withdrawal,17500,Islamabad
2026-02-22,A005,Withdrawal,21000,Lahore
2026-02-22,A004,Deposit,39500,Karachi
2026-02-22,A005,Deposit,67000,Lahore
2026-02-22,A001,Withdrawal,8000,Karachi
2026-02-22,A007,Withdrawal,16500,Karachi
2026-02-22,A001,Deposit,65000,Karachi
2026-02-23,A002,Withdrawal,39000,Lahore
2026-02-23,A008,Withdrawal,13500,Lahore
2026-02-23,A002,Deposit,14500,Lahore
2026-02-23,A008,Deposit,15000,Lahore
2026-02-23,A003,Withdrawal,34000,Islamabad
2026-02-23,A008,Withdrawal,11500,Lahore
2026-02-23,A006,Withdrawal,35500,Islamabad
2026-02-23,A006,Deposit,50500,Islamabad
2026-02-24,A007,Deposit,58500,Karachi
2026-02-24,A010,Deposit,38000,Karachi
2026-02-24,A007,Deposit,45000,Karachi
2026-02-24,A005,Withdrawal,48000,Lahore
2026-02-24,A007,Deposit,18000,Karachi
2026-02-24,A010,Withdrawal,17500,Karachi
2026-02-24,A004,Withdrawal,35500,Karachi
2026-02-24,A005,Withdrawal,41000,Lahore
2026-02-25,A009,Withdrawal,13500,Islamabad
2026-02-25,A010,Withdrawal,46000,Karachi
2026-02-25,A010,Withdrawal,48500,Karachi
2026-02-25,A010,Withdrawal,38500,Karachi
2026-02-25,A002,Deposit,41000,Lahore
2026-02-25,A007,Withdrawal,13500,Karachi
2026-02-25,A007,Deposit,26500,Karachi
2026-02-25,A005,Deposit,48500,Lahore
2026-02-25,A003,Withdrawal,12500,Islamabad
2026-02-26,A009,Deposit,32000,Islamabad
2026-02-26,A001,Deposit,39000,Karachi
2026-02-26,A008,Withdrawal,13000,Lahore
2026-02-26,A002,Withdrawal,31000,Lahore
2026-02-26,A002,Deposit,38500,Lahore
2026-02-26,A010,Deposit,75500,Karachi
2026-02-26,A002,Deposit,35000,Lahore
2026-02-26,A007,Withdrawal,15500,Karachi
2026-02-27,A007,Deposit,10000,Karachi
2026-02-27,A006,Deposit,64000,Islamabad
2026-02-27,A005,Withdrawal,44000,Lahore
2026-02-27,A005,Withdrawal,7000,Lahore
2026-02-27,A006,Deposit,18000,Islamabad
2026-02-27,A006,Deposit,46000,Islamabad
2026-02-27,A003,Withdrawal,34500,Islamabad
2026-02-27,A001,Withdrawal,49500,Karachi
2026-02-27,A001,Deposit,43500,Karachi
2026-02-27,A007,Withdrawal,36500,Karachi
2026-02-27,A004,Deposit,28500,Karachi
2026-02-27,A002,Deposit,36500,Lahore
2026-02-28,A007,Deposit,29000,Karachi
2026-02-28,A008,Withdrawal,45000,Lahore
2026-02-28,A009,Deposit,34500,Islamabad
2026-02-28,A004,Withdrawal,36000,Karachi
2026-02-28,A009,Deposit,21500,Islamabad
2026-02-28,A009,Deposit,47500,Islamabad
2026-02-28,A009,Deposit,29000,Islamabad
2026-02-28,A002,Withdrawal,15000,Lahore
2026-02-28,A001,Deposit,22000,Karachi
2026-03-01,A001,Withdrawal,22500,Karachi
2026-03-01,A001,Withdrawal,3500,Karachi
2026-03-01,A008,Deposit,66500,Lahore
2026-03-01,A001,Withdrawal,9000,Karachi
2026-03-01,A003,Withdrawal,41500,Islamabad
2026-03-01,A005,Deposit,66000,Lahore
2026-03-01,A005,Withdrawal,20500,Lahore
2026-03-02,A003,Withdrawal,11500,Islamabad
2026-03-02,A006,Withdrawal,36000,Islamabad
2026-03-02,A005,Deposit,35500,Lahore
2026-03-02,A003,Deposit,53500,Islamabad
2026-03-02,A008,Deposit,61500,Lahore
2026-03-02,A001,Deposit,17000,Karachi
2026-03-02,A002,Withdrawal,4500,Lahore
2026-03-02,A004,Withdrawal,42500,Karachi
2026-03-02,A002,Withdrawal,10500,Lahore
2026-03-02,A005,Deposit,18500,Lahore
2026-03-03,A010,Withdrawal,48500,Karachi
2026-03-03,A005,Deposit,19000,Lahore
2026-03-03,A005,Deposit,54000,Lahore
2026-03-03,A003,Withdrawal,37000,Islamabad
2026-03-03,A008,Withdrawal,28000,Lahore
2026-03-03,A004,Deposit,58000,Karachi
2026-03-03,A006,Withdrawal,4000,Islamabad
2026-03-03,A004,Deposit,41000,Karachi
2026-03-03,A003,Withdrawal,22000,Islamabad
2026-03-03,A002,Withdrawal,41500,Lahore
2026-03-03,A002,Deposit,33500,Lahore
2026-03-03,A002,Deposit,44000,Lahore
2026-03-04,A006,Withdrawal,42500,Islamabad
2026-03-04,A001,Deposit,5500,Karachi
2026-03-04,A003,Withdrawal,39000,Islamabad
2026-03-04,A007,Deposit,67500,Karachi
2026-03-04,A009,Deposit,67000,Islamabad
2026-03-04,A005,Withdrawal,24500,Lahore
2026-03-04,A001,Deposit,40500,Karachi
2026-03-04,A006,Deposit,27500,Islamabad
2026-03-04,A007,Deposit,71500,Karachi
2026-03-05,A005,Deposit,20500,Lahore
2026-03-05,A006,Deposit,18000,Islamabad
2026-03-05,A007,Deposit,69500,Karachi
2026-03-05,A004,Deposit,32000,Karachi
2026-03-05,A006,Deposit,31500,Islamabad
2026-03-05,A010,Deposit,50500,Karachi
2026-03-05,A009,Withdrawal,44500,Islamabad
2026-03-06,A001,Deposit,8500,Karachi
2026-03-06,A002,Withdrawal,21500,Lahore
2026-03-06,A002,Withdrawal,48000,Lahore
2026-03-06,A008,Withdrawal,35000,Lahore
2026-03-06,A006,Withdrawal,23000,Islamabad
2026-03-06,A001,Deposit,9500,Karachi
2026-03-06,A004,Withdrawal,6000,Karachi
2026-03-06,A006,Withdrawal,46000,Islamabad
2026-03-06,A002,Withdrawal,17500,Lahore
2026-03-06,A005,Deposit,26500,Lahore
2026-03-06,A010,Deposit,65000,Karachi
2026-03-07,A008,Deposit,48500,Lahore
2026-03-07,A007,Deposit,29000,Karachi
2026-03-07,A010,Withdrawal,6500,Karachi
2026-03-07,A001,Deposit,49000,Karachi
2026-03-07,A007,Deposit,35500,Karachi
2026-03-07,A009,Withdrawal,32000,Islamabad
2026-03-07,A009,Deposit,74500,Islamabad
2026-03-07,A008,Deposit,29500,Lahore
2026-03-07,A010,Deposit,47500,Karachi
2026-03-08,A007,Withdrawal,19500,Karachi
2026-03-08,A004,Deposit,10000,Karachi
2026-03-08,A004,Deposit,27500,Karachi
2026-03-08,A002,Withdrawal,48000,Lahore
2026-03-08,A004,Deposit,63500,Karachi
2026-03-08,A006,Withdrawal,27500,Islamabad
2026-03-08,A003,Withdrawal,48500,Islamabad
2026-03-08,A010,Withdrawal,7000,Karachi
2026-03-09,A010,Withdrawal,4500,Karachi
2026-03-09,A009,Withdrawal,20500,Islamabad
2026-03-09,A010,Deposit,48000,Karachi
2026-03-09,A007,Withdrawal,3500,Karachi
2026-03-09,A010,Deposit,47000,Karachi
2026-03-09,A004,Withdrawal,37500,Karachi
2026-03-09,A003,Deposit,42000,Islamabad
2026-03-09,A005,Withdrawal,2000,Lahore
2026-03-09,A010,Withdrawal,17500,Karachi
2026-03-09,A010,Withdrawal,19500,Karachi
2026-03-09,A001,Deposit,25000,Karachi
2026-03-10,A008,Deposit,21000,Lahore
2026-03-10,A006,Withdrawal,5500,Islamabad
2026-03-10,A010,Withdrawal,42500,Karachi
2026-03-10,A002,Withdrawal,48000,Lahore
2026-03-10,A009,Deposit,13500,Islamabad
2026-03-10,A002,Withdrawal,26000,Lahore
2026-03-10,A005,Withdrawal,32500,Lahore
2026-03-10,A010,Withdrawal,45500,Karachi
2026-03-10,A005,Deposit,14500,Lahore
2026-03-11,A002,Withdrawal,7500,Lahore
2026-03-11,A003,Deposit,67500,Islamabad
2026-03-11,A008,Withdrawal,16500,Lahore
2026-03-11,A001,Deposit,6500,Karachi
2026-03-11,A006,Withdrawal,24000,Islamabad
2026-03-11,A006,Withdrawal,9500,Islamabad
2026-03-11,A002,Withdrawal,20000,Lahore
2026-03-11,A002,Deposit,8000,Lahore
2026-03-11,A010,Deposit,44000,Karachi
2026-03-12,A002,Deposit,41500,Lahore
2026-03-12,A004,Deposit,43000,Karachi
2026-03-12,A010,Deposit,21500,Karachi
2026-03-12,A009,Withdrawal,13500,Islamabad
2026-03-12,A001,Withdrawal,49500,Karachi
2026-03-12,A009,Withdrawal,19000,Islamabad
2026-03-12,A005,Deposit,32000,Lahore
2026-03-12,A001,Withdrawal,19500,Karachi
2026-03-12,A010,Withdrawal,33500,Karachi
2026-03-13,A003,Deposit,57500,Islamabad
2026-03-13,A006,Deposit,72500,Islamabad
2026-03-13,A004,Withdrawal,46500,Karachi
2026-03-13,A010,Deposit,13500,Karachi
2026-03-13,A001,Deposit,67500,Karachi
2026-03-13,A008,Withdrawal,27500,Lahore
2026-03-13,A009,Deposit,47500,Islamabad
2026-03-14,A005,Deposit,17500,Lahore
2026-03-14,A010,Deposit,64000,Karachi
2026-03-14,A002,Deposit,19500,Lahore
2026-03-14,A010,Deposit,55500,Karachi
2026-03-14,A009,Withdrawal,27500,Islamabad
2026-03-14,A009,Withdrawal,31500,Islamabad
2026-03-14,A009,Withdrawal,32000,Islamabad
2026-03-14,A002,Withdrawal,16000,Lahore
2026-03-14,A006,Withdrawal,48000,Islamabad
2026-03-14,A009,Withdrawal,23000,Islamabad
2026-03-14,A008,Deposit,39000,Lahore
2026-03-15,A009,Deposit,33500,Islamabad
2026-03-15,A002,Deposit,34000,Lahore
2026-03-15,A008,Withdrawal,5500,Lahore
2026-03-15,A008,Withdrawal,23000,Lahore
2026-03-15,A009,Deposit,50500,Islamabad
2026-03-15,A004,Deposit,16500,Karachi
2026-03-15,A003,Deposit,78000,Islamabad
2026-03-15,A004,Withdrawal,26500,Karachi
2026-03-15,A009,Deposit,78000,Islamabad
2026-03-16,A001,Deposit,74500,Karachi
2026-03-16,A001,Deposit,16000,Karachi
2026-03-16,A006,Withdrawal,14500,Islamabad
2026-03-16,A006,Withdrawal,40000,Islamabad
2026-03-16,A003,Withdrawal,43000,Islamabad
2026-03-16,A007,Withdrawal,31500,Karachi
2026-03-16,A010,Deposit,13000,Karachi
2026-03-16,A001,Deposit,35500,Karachi
2026-03-16,A005,Withdrawal,42500,Lahore
2026-03-16,A004,Withdrawal,7500,Karachi
2026-03-17,A005,Deposit,18500,Lahore
2026-03-17,A002,Withdrawal,33000,Lahore
2026-03-17,A002,Deposit,37500,Lahore
2026-03-17,A008,Deposit,59000,Lahore
2026-03-17,A008,Deposit,75000,Lahore
2026-03-17,A009,Deposit,13000,Islamabad
2026-03-17,A006,Deposit,43500,Islamabad
2026-03-17,A010,Withdrawal,22500,Karachi
2026-03-17,A001,Deposit,41000,Karachi
2026-03-17,A010,Deposit,36500,Karachi
2026-03-18,A006,Deposit,58500,Islamabad
2026-03-18,A007,Deposit,49500,Karachi
2026-03-18,A010,Deposit,42000,Karachi
2026-03-18,A009,Deposit,58500,Islamabad
2026-03-18,A001,Withdrawal,36500,Karachi
2026-03-18,A007,Withdrawal,45000,Karachi
2026-03-18,A005,Withdrawal,11000,Lahore
2026-03-18,A009,Withdrawal,16000,Islamabad
2026-03-18,A004,Withdrawal,39000,Karachi
2026-03-18,A007,Withdrawal,35500,Karachi
2026-03-18,A004,Deposit,52000,Karachi
2026-03-19,A004,Withdrawal,26000,Karachi
2026-03-19,A005,Deposit,39000,Lahore
2026-03-19,A006,Deposit,60500,Islamabad
2026-03-19,A004,Withdrawal,11500,Karachi
2026-03-19,A002,Withdrawal,37500,Lahore
2026-03-19,A008,Deposit,25000,Lahore
2026-03-19,A001,Deposit,76500,Karachi
2026-03-19,A003,Deposit,19500,Islamabad
2026-03-19,A004,Withdrawal,27000,Karachi
2026-03-19,A008,Withdrawal,38500,Lahore
2026-03-19,A009,Deposit,18000,Islamabad
2026-03-20,A005,Deposit,34000,Lahore
2026-03-20,A003,Deposit,33500,Islamabad
2026-03-20,A002,Withdrawal,41500,Lahore
2026-03-20,A008,Deposit,36500,Lahore
2026-03-20,A005,Withdrawal,29500,Lahore
2026-03-20,A008,Withdrawal,11500,Lahore
2026-03-20,A005,Withdrawal,15000,Lahore
2026-03-20,A003,Deposit,18500,Islamabad
2026-03-20,A002,Deposit,30500,Lahore
2026-03-20,A004,Deposit,73000,Karachi
2026-03-20,A008,Deposit,18500,Lahore
2026-03-21,A004,Deposit,14500,Karachi
2026-03-21,A008,Deposit,27500,Lahore
2026-03-21,A010,Withdrawal,13000,Karachi
2026-03-21,A001,Deposit,74500,Karachi
2026-03-21,A007,Withdrawal,32500,Karachi
2026-03-21,A007,Withdrawal,49500,Karachi
2026-03-21,A005,Withdrawal,44500,Lahore
2026-03-21,A006,Deposit,64000,Islamabad
2026-03-22,A001,Deposit,48500,Karachi
2026-03-22,A005,Deposit,41500,Lahore
2026-03-22,A005,Withdrawal,38500,Lahore
2026-03-22,A006,Withdrawal,49000,Islamabad
2026-03-22,A002,Deposit,19500,Lahore
2026-03-22,A008,Withdrawal,38500,Lahore
2026-03-22,A010,Withdrawal,7500,Karachi
2026-03-22,A009,Deposit,14500,Islamabad
2026-03-22,A005,Deposit,66500,Lahore
2026-03-22,A007,Withdrawal,22500,Karachi
2026-03-22,A004,Withdrawal,31500,Karachi
2026-03-23,A003,Deposit,17500,Islamabad
2026-03-23,A008,Withdrawal,4500,Lahore
2026-03-23,A008,Withdrawal,21000,Lahore
2026-03-23,A001,Deposit,56000,Karachi
2026-03-23,A008,Withdrawal,10000,Lahore
2026-03-23,A010,Withdrawal,14500,Karachi
2026-03-23,A008,Withdrawal,8500,Lahore
2026-03-23,A010,Deposit,66000,Karachi
2026-03-24,A003,Withdrawal,28500,Islamabad
2026-03-24,A003,Deposit,78500,Islamabad
2026-03-24,A005,Deposit,63000,Lahore
2026-03-24,A008,Withdrawal,29500,Lahore
2026-03-24,A004,Withdrawal,42000,Karachi
2026-03-24,A003,Deposit,47500,Islamabad
2026-03-24,A006,Withdrawal,44000,Islamabad
2026-03-24,A001,Deposit,72000,Karachi
2026-03-24,A006,Withdrawal,38500,Islamabad
2026-03-24,A001,Deposit,30000,Karachi
2026-03-24,A008,Deposit,22500,Lahore
2026-03-24,A002,Deposit,47000,Lahore
2026-03-25,A005,Withdrawal,25000,Lahore
2026-03-25,A006,Withdrawal,32500,Islamabad
2026-03-25,A002,Deposit,78500,Lahore
2026-03-25,A007,Withdrawal,21000,Karachi
2026-03-25,A001,Withdrawal,13500,Karachi
2026-03-25,A001,Deposit,61500,Karachi
2026-03-25,A005,Deposit,40000,Lahore
2026-03-25,A002,Deposit,18500,Lahore
2026-03-25,A003,Withdrawal,15500,Islamabad
2026-03-26,A010,Withdrawal,32500,Karachi
2026-03-26,A003,Deposit,13500,Islamabad
2026-03-26,A003,Deposit,6500,Islamabad
2026-03-26,A010,Deposit,74500,Karachi
2026-03-26,A003,Withdrawal,32000,Islamabad
2026-03-26,A004,Deposit,11000,Karachi
2026-03-26,A002,Withdrawal,22500,Lahore
2026-03-26,A008,Deposit,34000,Lahore
2026-03-27,A007,Withdrawal,42500,Karachi
2026-03-27,A001,Deposit,22000,Karachi
2026-03-27,A009,Deposit,70000,Islamabad
2026-03-27,A001,Withdrawal,31500,Karachi
2026-03-27,A007,Withdrawal,8000,Karachi
2026-03-27,A002,Withdrawal,47000,Lahore
2026-03-27,A010,Withdrawal,23000,Karachi
2026-03-27,A002,Withdrawal,27000,Lahore
2026-03-27,A001,Withdrawal,41000,Karachi
2026-03-27,A007,Deposit,26500,Karachi
2026-03-27,A010,Deposit,22500,Karachi
2026-03-27,A007,Withdrawal,26000,Karachi
2026-03-28,A004,Withdrawal,48000,Karachi
2026-03-28,A010,Deposit,63000,Karachi
2026-03-28,A008,Withdrawal,14000,Lahore
2026-03-28,A006,Deposit,30000,Islamabad
2026-03-28,A008,Withdrawal,2000,Lahore
2026-03-28,A008,Withdrawal,9500,Lahore
2026-03-28,A010,Deposit,31500,Karachi
2026-03-28,A007,Deposit,10000,Karachi
2026-03-28,A010,Deposit,49500,Karachi
2026-03-28,A005,Withdrawal,6500,Lahore
2026-03-28,A003,Withdrawal,30500,Islamabad
2026-03-28,A004,Withdrawal,25000,Karachi
2026-03-29,A008,Withdrawal,16000,Lahore
2026-03-29,A003,Withdrawal,18000,Islamabad
2026-03-29,A003,Withdrawal,33500,Islamabad
2026-03-29,A010,Deposit,6500,Karachi
2026-03-29,A010,Withdrawal,36000,Karachi
2026-03-29,A007,Deposit,42000,Karachi
2026-03-29,A005,Withdrawal,18500,Lahore
2026-03-29,A008,Deposit,7000,Lahore
2026-03-29,A005,Deposit,75500,Lahore
2026-03-29,A004,Deposit,61000,Karachi
2026-03-29,A006,Withdrawal,43500,Islamabad
2026-03-29,A008,Deposit,71000,Lahore
2026-03-30,A006,Withdrawal,40000,Islamabad
2026-03-30,A003,Deposit,35500,Islamabad
2026-03-30,A001,Withdrawal,23000,Karachi
2026-03-30,A008,Withdrawal,19500,Lahore
2026-03-30,A008,Withdrawal,6500,Lahore
2026-03-30,A005,Deposit,9500,Lahore
2026-03-30,A007,Deposit,6000,Karachi
2026-03-30,A009,Withdrawal,4500,Islamabad
2026-03-30,A004,Withdrawal,8000,Karachi
2026-03-30,A002,Withdrawal,10000,Lahore
2026-03-31,A007,Deposit,74000,Karachi
2026-03-31,A009,Deposit,17500,Islamabad
2026-03-31,A002,Deposit,11500,Lahore
2026-03-31,A004,Withdrawal,5000,Karachi
2026-03-31,A001,Deposit,10500,Karachi
2026-03-31,A006,Withdrawal,41500,Islamabad
2026-03-31,A001,Withdrawal,39000,Karachi
2026-03-31,A005,Withdrawal,44000,Lahore
2026-03-31,A005,Withdrawal,27000,Lahore
2026-03-31,A005,Deposit,38500,Lahore
2026-03-31,A002,Deposit,40000,Lahore
2026-03-31,A005,Deposit,64500,Lahore
